NO_MUNICIPIO;TP_DEPENDENCIA;QT_DOC_BAS;QT_MAT_BAS;QT_MAT_FUND_AI;QT_MAT_FUND_AF;QT_MAT_BAS_0_3;QT_MAT_BAS_4_5;QT_MAT_BAS_6_10;QT_MAT_BAS_11_14;QT_MAT_BAS_15_17;QT_MAT_BAS_18_MAIS;IN_BIBLIOTECA;IN_LABORATORIO_INFORMATICA;IN_INTERNET;IN_QUADRA_ESPORTES;IN_REFEITORIO;ANO
AMERICANA;2;15.0;254.0;254.0;0.0;0.0;0.0;249.0;5.0;0.0;0.0;0.0;1.0;1.0;0.0;1.0;2024
AMERICANA;2;28.0;495.0;208.0;287.0;0.0;0.0;207.0;286.0;2.0;0.0;0.0;0.0;1.0;1.0;0.0;2024
AMERICANA;2;18.0;335.0;0.0;270.0;0.0;0.0;4.0;257.0;71.0;3.0;0.0;1.0;1.0;1.0;0.0;2024
AMERICANA;2;28.0;473.0;0.0;335.0;0.0;0.0;11.0;317.0;137.0;8.0;0.0;1.0;1.0;1.0;0.0;2024
AMERICANA;2;17.0;208.0;208.0;0.0;0.0;1.0;206.0;1.0;0.0;0.0;0.0;0.0;1.0;1.0;0.0;2024
AMERICANA;2;17.0;262.0;262.0;0.0;0.0;0.0;258.0;4.0;0.0;0.0;0.0;1.0;1.0;1.0;0.0;2024
AMERICANA;2;18.0;333.0;0.0;238.0;0.0;0.0;3.0;231.0;95.0;4.0;0.0;1.0;1.0;1.0;0.0;2024
AMERICANA;2;18.0;255.0;255.0;0.0;0.0;0.0;252.0;3.0;0.0;0.0;0.0;0.0;1.0;1.0;0.0;2024
AMERICANA;2;22.0;353.0;353.0;0.0;0.0;0.0;349.0;4.0;0.0;0.0;0.0;1.0;1.0;1.0;0.0;2024
AMERICANA;2;18.0;224.0;224.0;0.0;0.0;0.0;220.0;4.0;0.0;0.0;0.0;1.0;1.0;1.0;0.0;2024
AMERICANA;2;43.0;874.0;175.0;303.0;0.0;0.0;173.0;296.0;397.0;8.0;0.0;1.0;1.0;1.0;0.0;2024
AMERICANA;2;66.0;1294.0;0.0;220.0;0.0;0.0;5.0;212.0;1033.0;44.0;0.0;1.0;1.0;1.0;0.0;2024
AMERICANA;2;22.0;282.0;282.0;0.0;0.0;0.0;277.0;5.0;0.0;0.0;0.0;0.0;1.0;1.0;0.0;2024
AMERICANA;2;43.0;794.0;0.0;193.0;0.0;0.0;1.0;184.0;535.0;74.0;0.0;1.0;1.0;1.0;1.0;2024
AMERICANA;2;23.0;384.0;0.0;292.0;0.0;0.0;4.0;260.0;116.0;4.0;0.0;1.0;1.0;1.0;0.0;2024
AMERICANA;2;22.0;432.0;0.0;0.0;0.0;0.0;0.0;15.0;406.0;11.0;0.0;1.0;1.0;1.0;1.0;2024
AMERICANA;2;17.0;166.0;166.0;0.0;0.0;0.0;157.0;9.0;0.0;0.0;0.0;0.0;1.0;1.0;0.0;2024
AMERICANA;2;44.0;690.0;167.0;241.0;0.0;0.0;169.0;236.0;278.0;7.0;0.0;0.0;1.0;1.0;1.0;2024
AMERICANA;2;33.0;471.0;160.0;137.0;0.0;0.0;161.0;135.0;161.0;14.0;0.0;0.0;1.0;0.0;0.0;2024
AMERICANA;2;12.0;211.0;211.0;0.0;0.0;0.0;210.0;1.0;0.0;0.0;0.0;1.0;1.0;1.0;0.0;2024
AMERICANA;2;48.0;1101.0;0.0;367.0;0.0;0.0;2.0;340.0;727.0;32.0;0.0;1.0;1.0;1.0;0.0;2024
AMERICANA;2;20.0;272.0;0.0;211.0;0.0;0.0;7.0;202.0;62.0;1.0;0.0;1.0;1.0;1.0;1.0;2024
AMERICANA;2;10.0;120.0;120.0;0.0;0.0;0.0;119.0;1.0;0.0;0.0;0.0;1.0;1.0;1.0;0.0;2024
AMERICANA;2;;;;;;;;;;;;;;;;2024
AMERICANA;2;20.0;393.0;0.0;311.0;0.0;0.0;9.0;300.0;81.0;3.0;0.0;1.0;1.0;1.0;1.0;2024
AMERICANA;2;82.0;1650.0;0.0;0.0;0.0;0.0;0.0;35.0;1256.0;359.0;1.0;1.0;1.0;1.0;0.0;2024
AMERICANA;2;16.0;292.0;292.0;0.0;0.0;0.0;289.0;3.0;0.0;0.0;0.0;0.0;1.0;1.0;0.0;2024
AMERICANA;2;26.0;489.0;489.0;0.0;0.0;0.0;475.0;14.0;0.0;0.0;0.0;1.0;1.0;1.0;0.0;2024
AMERICANA;2;;;;;;;;;;;;;;;;2024
AMERICANA;2;21.0;335.0;335.0;0.0;0.0;0.0;330.0;5.0;0.0;0.0;0.0;0.0;1.0;1.0;1.0;2024
AMERICANA;2;46.0;813.0;0.0;296.0;0.0;0.0;2.0;298.0;498.0;15.0;0.0;1.0;1.0;1.0;0.0;2024
AMERICANA;2;4.0;28.0;0.0;0.0;0.0;0.0;0.0;0.0;0.0;28.0;0.0;0.0;0.0;0.0;0.0;2024
AMERICANA;2;;;;;;;;;;;;;;;;2024
AMERICANA;2;18.0;373.0;0.0;278.0;0.0;0.0;5.0;260.0;107.0;1.0;0.0;1.0;1.0;1.0;1.0;2024
AMERICANA;2;30.0;601.0;0.0;433.0;0.0;0.0;9.0;417.0;175.0;0.0;0.0;0.0;1.0;1.0;1.0;2024
AMERICANA;2;19.0;287.0;0.0;0.0;0.0;0.0;0.0;6.0;276.0;5.0;0.0;1.0;1.0;1.0;1.0;2024
AMERICANA;2;12.0;176.0;0.0;134.0;0.0;0.0;2.0;126.0;46.0;2.0;0.0;1.0;1.0;1.0;0.0;2024
AMERICANA;2;50.0;891.0;0.0;265.0;0.0;0.0;7.0;249.0;607.0;28.0;0.0;1.0;1.0;1.0;1.0;2024
AMERICANA;2;19.0;371.0;0.0;281.0;0.0;0.0;6.0;265.0;97.0;3.0;0.0;1.0;1.0;1.0;0.0;2024
AMERICANA;2;28.0;270.0;0.0;270.0;0.0;0.0;6.0;256.0;8.0;0.0;0.0;1.0;1.0;1.0;0.0;2024
AMERICANA;2;13.0;186.0;186.0;0.0;0.0;0.0;184.0;2.0;0.0;0.0;0.0;0.0;1.0;1.0;0.0;2024
AMERICANA;2;18.0;284.0;0.0;216.0;0.0;0.0;6.0;200.0;74.0;4.0;0.0;0.0;1.0;1.0;0.0;2024
AMERICANA;2;11.0;110.0;0.0;97.0;0.0;0.0;3.0;88.0;19.0;0.0;0.0;1.0;1.0;1.0;0.0;2024
AMERICANA;2;33.0;736.0;0.0;217.0;0.0;0.0;5.0;206.0;499.0;26.0;0.0;1.0;1.0;1.0;1.0;2024
AMERICANA;2;12.0;1436.0;0.0;0.0;0.0;0.0;0.0;0.0;0.0;1436.0;0.0;0.0;1.0;0.0;0.0;2024
CAMPINAS;2;19.0;56.0;0.0;0.0;56.0;0.0;0.0;0.0;0.0;0.0;0.0;0.0;1.0;0.0;1.0;2024
CAMPINAS;2;34.0;189.0;0.0;0.0;69.0;114.0;6.0;0.0;0.0;0.0;0.0;0.0;1.0;0.0;1.0;2024
CAMPINAS;2;25.0;98.0;0.0;0.0;64.0;31.0;3.0;0.0;0.0;0.0;1.0;0.0;1.0;0.0;1.0;2024
CAMPINAS;2;;;;;;;;;;;;;;;;2024
CAMPINAS;2;24.0;448.0;0.0;356.0;0.0;0.0;0.0;338.0;105.0;5.0;0.0;0.0;1.0;0.0;0.0;2024
CAMPINAS;2;24.0;446.0;446.0;0.0;0.0;0.0;424.0;22.0;0.0;0.0;0.0;1.0;1.0;1.0;1.0;2024
CAMPINAS;2;19.0;308.0;308.0;0.0;0.0;0.0;296.0;12.0;0.0;0.0;0.0;0.0;1.0;1.0;1.0;2024
CAMPINAS;2;20.0;307.0;0.0;248.0;0.0;0.0;0.0;226.0;78.0;3.0;0.0;1.0;1.0;0.0;0.0;2024
CAMPINAS;2;13.0;215.0;0.0;131.0;0.0;0.0;0.0;124.0;88.0;3.0;0.0;1.0;1.0;1.0;0.0;2024
CAMPINAS;2;24.0;527.0;527.0;0.0;0.0;0.0;510.0;17.0;0.0;0.0;0.0;1.0;1.0;1.0;0.0;2024
CAMPINAS;2;34.0;683.0;235.0;250.0;0.0;0.0;222.0;234.0;207.0;20.0;0.0;1.0;1.0;1.0;1.0;2024
CAMPINAS;2;22.0;337.0;195.0;142.0;0.0;0.0;191.0;129.0;17.0;0.0;1.0;1.0;1.0;1.0;0.0;2024
CAMPINAS;2;26.0;501.0;0.0;164.0;0.0;0.0;1.0;143.0;329.0;28.0;0.0;1.0;1.0;1.0;1.0;2024
CAMPINAS;2;35.0;526.0;0.0;280.0;0.0;0.0;1.0;250.0;252.0;23.0;0.0;1.0;1.0;1.0;1.0;2024
CAMPINAS;2;33.0;696.0;0.0;343.0;0.0;0.0;3.0;315.0;352.0;26.0;0.0;1.0;1.0;1.0;1.0;2024
CAMPINAS;2;33.0;591.0;0.0;187.0;0.0;0.0;0.0;158.0;414.0;19.0;0.0;1.0;1.0;1.0;1.0;2024
CAMPINAS;2;45.0;827.0;0.0;476.0;0.0;0.0;1.0;446.0;349.0;31.0;0.0;1.0;1.0;1.0;1.0;2024
CAMPINAS;2;22.0;333.0;0.0;207.0;0.0;0.0;3.0;196.0;130.0;4.0;0.0;1.0;1.0;1.0;1.0;2024
CAMPINAS;2;24.0;417.0;0.0;290.0;0.0;0.0;2.0;276.0;131.0;8.0;0.0;1.0;1.0;1.0;1.0;2024
CAMPINAS;2;20.0;273.0;0.0;0.0;0.0;0.0;0.0;3.0;253.0;17.0;0.0;1.0;1.0;1.0;0.0;2024
CAMPINAS;2;60.0;1164.0;239.0;256.0;0.0;0.0;225.0;246.0;563.0;130.0;0.0;0.0;1.0;1.0;1.0;2024
CAMPINAS;2;41.0;830.0;0.0;384.0;0.0;0.0;0.0;369.0;443.0;18.0;0.0;0.0;1.0;1.0;0.0;2024
CAMPINAS;2;22.0;560.0;0.0;0.0;0.0;0.0;0.0;6.0;527.0;27.0;0.0;1.0;1.0;1.0;0.0;2024
CAMPINAS;2;23.0;457.0;0.0;457.0;0.0;0.0;0.0;429.0;28.0;0.0;0.0;1.0;1.0;1.0;1.0;2024
CAMPINAS;2;20.0;426.0;426.0;0.0;0.0;0.0;416.0;10.0;0.0;0.0;1.0;1.0;1.0;1.0;0.0;2024
CAMPINAS;2;17.0;279.0;0.0;210.0;0.0;0.0;2.0;200.0;77.0;0.0;0.0;1.0;1.0;1.0;1.0;2024
CAMPINAS;2;93.0;1289.0;0.0;0.0;0.0;0.0;0.0;6.0;722.0;561.0;1.0;1.0;1.0;1.0;1.0;2024
CAMPINAS;2;24.0;393.0;393.0;0.0;0.0;0.0;371.0;22.0;0.0;0.0;0.0;1.0;1.0;1.0;1.0;2024
CAMPINAS;2;35.0;456.0;160.0;118.0;0.0;0.0;153.0;114.0;171.0;18.0;0.0;1.0;1.0;1.0;0.0;2024
CAMPINAS;2;14.0;239.0;0.0;239.0;0.0;0.0;0.0;221.0;18.0;0.0;0.0;0.0;1.0;1.0;0.0;2024
CAMPINAS;2;24.0;474.0;474.0;0.0;0.0;0.0;454.0;20.0;0.0;0.0;0.0;1.0;1.0;1.0;1.0;2024
CAMPINAS;2;23.0;403.0;0.0;272.0;0.0;0.0;0.0;260.0;139.0;4.0;1.0;1.0;1.0;1.0;1.0;2024
CAMPINAS;2;19.0;462.0;462.0;0.0;0.0;0.0;450.0;12.0;0.0;0.0;0.0;1.0;1.0;0.0;1.0;2024
CAMPINAS;2;30.0;567.0;0.0;221.0;0.0;0.0;1.0;212.0;327.0;27.0;0.0;1.0;1.0;1.0;0.0;2024
CAMPINAS;2;46.0;1208.0;306.0;318.0;0.0;0.0;292.0;307.0;541.0;68.0;0.0;1.0;1.0;1.0;0.0;2024
CAMPINAS;2;18.0;354.0;354.0;0.0;0.0;0.0;345.0;9.0;0.0;0.0;0.0;1.0;1.0;1.0;0.0;2024
CAMPINAS;2;39.0;614.0;196.0;219.0;0.0;0.0;191.0;198.0;213.0;12.0;0.0;1.0;1.0;1.0;1.0;2024
CAMPINAS;2;15.0;268.0;268.0;0.0;0.0;0.0;257.0;11.0;0.0;0.0;0.0;0.0;1.0;1.0;0.0;2024
CAMPINAS;2;14.0;226.0;226.0;0.0;0.0;0.0;209.0;17.0;0.0;0.0;0.0;1.0;1.0;1.0;0.0;2024
CAMPINAS;2;12.0;258.0;0.0;0.0;0.0;0.0;0.0;6.0;246.0;6.0;0.0;1.0;1.0;1.0;0.0;2024
CAMPINAS;2;49.0;1043.0;0.0;162.0;0.0;0.0;0.0;146.0;744.0;153.0;0.0;1.0;1.0;1.0;1.0;2024
CAMPINAS;2;22.0;349.0;0.0;262.0;0.0;0.0;0.0;246.0;91.0;12.0;0.0;1.0;1.0;1.0;0.0;2024
CAMPINAS;2;32.0;747.0;747.0;0.0;0.0;0.0;706.0;41.0;0.0;0.0;0.0;1.0;1.0;1.0;0.0;2024
CAMPINAS;2;16.0;265.0;265.0;0.0;0.0;0.0;252.0;13.0;0.0;0.0;0.0;1.0;1.0;1.0;0.0;2024
CAMPINAS;2;55.0;1060.0;268.0;218.0;0.0;0.0;260.0;203.0;480.0;117.0;0.0;1.0;1.0;1.0;1.0;2024
CAMPINAS;2;23.0;524.0;524.0;0.0;0.0;0.0;498.0;26.0;0.0;0.0;0.0;1.0;1.0;1.0;0.0;2024
CAMPINAS;2;40.0;638.0;230.0;228.0;0.0;0.0;217.0;230.0;179.0;12.0;0.0;1.0;1.0;1.0;1.0;2024
CAMPINAS;2;18.0;434.0;434.0;0.0;0.0;0.0;423.0;11.0;0.0;0.0;0.0;1.0;1.0;1.0;0.0;2024
CAMPINAS;2;16.0;279.0;0.0;279.0;0.0;0.0;1.0;266.0;12.0;0.0;0.0;0.0;1.0;1.0;0.0;2024
CAMPINAS;2;24.0;512.0;0.0;512.0;0.0;0.0;0.0;492.0;20.0;0.0;0.0;1.0;1.0;1.0;1.0;2024
CAMPINAS;2;22.0;395.0;0.0;247.0;0.0;0.0;0.0;232.0;156.0;7.0;0.0;1.0;1.0;1.0;0.0;2024
CAMPINAS;2;76.0;1979.0;0.0;546.0;0.0;0.0;0.0;492.0;1204.0;283.0;1.0;1.0;1.0;1.0;1.0;2024
CAMPINAS;2;27.0;561.0;0.0;242.0;0.0;0.0;1.0;223.0;305.0;32.0;0.0;1.0;1.0;1.0;0.0;2024
CAMPINAS;2;63.0;1104.0;320.0;244.0;0.0;0.0;295.0;242.0;447.0;120.0;0.0;1.0;1.0;1.0;0.0;2024
CAMPINAS;2;22.0;453.0;453.0;0.0;0.0;0.0;437.0;16.0;0.0;0.0;0.0;0.0;1.0;1.0;1.0;2024
CAMPINAS;2;18.0;326.0;326.0;0.0;0.0;0.0;314.0;12.0;0.0;0.0;0.0;1.0;1.0;1.0;0.0;2024
CAMPINAS;2;30.0;480.0;0.0;263.0;0.0;0.0;1.0;242.0;205.0;32.0;0.0;1.0;1.0;1.0;0.0;2024
CAMPINAS;2;18.0;411.0;0.0;0.0;0.0;0.0;0.0;5.0;376.0;30.0;0.0;1.0;1.0;1.0;0.0;2024
CAMPINAS;2;18.0;281.0;0.0;228.0;0.0;0.0;2.0;210.0;67.0;2.0;0.0;1.0;1.0;1.0;0.0;2024
CAMPINAS;2;31.0;555.0;247.0;233.0;0.0;0.0;235.0;224.0;92.0;4.0;0.0;1.0;1.0;1.0;1.0;2024
CAMPINAS;2;22.0;341.0;0.0;225.0;0.0;0.0;0.0;206.0;130.0;5.0;0.0;0.0;1.0;1.0;1.0;2024
CAMPINAS;2;18.0;298.0;298.0;0.0;0.0;0.0;290.0;8.0;0.0;0.0;0.0;1.0;1.0;1.0;0.0;2024
CAMPINAS;2;11.0;125.0;125.0;0.0;0.0;0.0;114.0;11.0;0.0;0.0;1.0;1.0;1.0;1.0;1.0;2024
CAMPINAS;2;24.0;455.0;0.0;227.0;0.0;0.0;0.0;210.0;233.0;12.0;0.0;0.0;1.0;1.0;0.0;2024
CAMPINAS;2;16.0;257.0;257.0;0.0;0.0;0.0;250.0;7.0;0.0;0.0;0.0;1.0;1.0;1.0;0.0;2024
CAMPINAS;2;17.0;316.0;0.0;316.0;0.0;0.0;3.0;287.0;26.0;0.0;0.0;1.0;1.0;1.0;0.0;2024
CAMPINAS;2;66.0;1665.0;741.0;486.0;0.0;0.0;704.0;483.0;414.0;64.0;0.0;0.0;1.0;1.0;1.0;2024
CAMPINAS;2;54.0;1650.0;0.0;587.0;0.0;0.0;1.0;546.0;998.0;105.0;1.0;1.0;1.0;1.0;1.0;2024
CAMPINAS;2;27.0;400.0;179.0;151.0;0.0;0.0;171.0;143.0;79.0;7.0;0.0;1.0;1.0;1.0;0.0;2024
CAMPINAS;2;17.0;186.0;186.0;0.0;0.0;0.0;178.0;8.0;0.0;0.0;0.0;1.0;1.0;1.0;0.0;2024
CAMPINAS;2;20.0;401.0;0.0;254.0;0.0;0.0;1.0;236.0;152.0;12.0;0.0;1.0;1.0;1.0;1.0;2024
CAMPINAS;2;15.0;274.0;274.0;0.0;0.0;0.0;265.0;9.0;0.0;0.0;0.0;1.0;1.0;1.0;1.0;2024
CAMPINAS;2;12.0;171.0;0.0;171.0;0.0;0.0;0.0;161.0;10.0;0.0;0.0;1.0;1.0;1.0;0.0;2024
CAMPINAS;2;31.0;639.0;639.0;0.0;0.0;0.0;612.0;27.0;0.0;0.0;1.0;1.0;1.0;1.0;1.0;2024
CAMPINAS;2;14.0;256.0;256.0;0.0;0.0;0.0;249.0;7.0;0.0;0.0;0.0;0.0;1.0;1.0;1.0;2024
CAMPINAS;2;21.0;347.0;0.0;240.0;0.0;0.0;1.0;222.0;119.0;5.0;0.0;1.0;1.0;1.0;0.0;2024
CAMPINAS;2;44.0;828.0;85.0;584.0;0.0;0.0;64.0;577.0;178.0;9.0;0.0;1.0;1.0;1.0;0.0;2024
CAMPINAS;2;20.0;406.0;0.0;282.0;0.0;0.0;1.0;276.0;124.0;5.0;0.0;1.0;1.0;1.0;0.0;2024
CAMPINAS;2;50.0;1106.0;0.0;0.0;0.0;0.0;0.0;6.0;809.0;291.0;1.0;0.0;1.0;0.0;1.0;2024
CAMPINAS;2;66.0;1547.0;0.0;0.0;0.0;0.0;0.0;8.0;785.0;754.0;1.0;1.0;1.0;1.0;1.0;2024
CAMPINAS;2;82.0;2168.0;536.0;451.0;0.0;0.0;514.0;434.0;1086.0;134.0;0.0;1.0;1.0;1.0;1.0;2024
CAMPINAS;2;37.0;954.0;0.0;345.0;0.0;0.0;0.0;292.0;504.0;158.0;0.0;1.0;1.0;1.0;0.0;2024
CAMPINAS;2;26.0;716.0;716.0;0.0;0.0;0.0;695.0;21.0;0.0;0.0;0.0;0.0;1.0;1.0;1.0;2024
CAMPINAS;2;77.0;1518.0;383.0;389.0;0.0;0.0;365.0;355.0;633.0;165.0;1.0;1.0;1.0;1.0;1.0;2024
CAMPINAS;2;23.0;471.0;471.0;0.0;0.0;0.0;447.0;24.0;0.0;0.0;0.0;0.0;1.0;1.0;1.0;2024
CAMPINAS;2;21.0;343.0;343.0;0.0;0.0;0.0;327.0;16.0;0.0;0.0;1.0;1.0;1.0;1.0;0.0;2024
CAMPINAS;2;14.0;270.0;270.0;0.0;0.0;0.0;257.0;13.0;0.0;0.0;0.0;1.0;1.0;1.0;1.0;2024
CAMPINAS;2;11.0;95.0;95.0;0.0;0.0;0.0;93.0;2.0;0.0;0.0;0.0;1.0;1.0;0.0;0.0;2024
CAMPINAS;2;90.0;2581.0;674.0;650.0;0.0;0.0;650.0;642.0;1178.0;111.0;0.0;1.0;1.0;1.0;1.0;2024
CAMPINAS;2;25.0;501.0;501.0;0.0;0.0;0.0;481.0;20.0;0.0;0.0;0.0;1.0;1.0;1.0;1.0;2024
CAMPINAS;2;39.0;951.0;0.0;306.0;0.0;0.0;1.0;282.0;588.0;80.0;0.0;1.0;1.0;1.0;1.0;2024
CAMPINAS;2;21.0;967.0;0.0;0.0;0.0;0.0;0.0;2.0;851.0;114.0;0.0;0.0;1.0;1.0;1.0;2024
CAMPINAS;2;38.0;966.0;251.0;287.0;0.0;0.0;234.0;277.0;395.0;60.0;0.0;1.0;1.0;1.0;1.0;2024
CAMPINAS;2;64.0;1656.0;228.0;619.0;0.0;0.0;208.0;581.0;742.0;125.0;0.0;1.0;1.0;1.0;1.0;2024
CAMPINAS;2;10.0;52.0;0.0;28.0;0.0;0.0;0.0;0.0;33.0;19.0;0.0;0.0;1.0;1.0;0.0;2024
CAMPINAS;2;;;;;;;;;;;;;;;;2024
CAMPINAS;2;64.0;1435.0;540.0;439.0;0.0;0.0;507.0;434.0;455.0;39.0;0.0;1.0;1.0;1.0;1.0;2024
CAMPINAS;2;55.0;1206.0;523.0;292.0;0.0;0.0;493.0;289.0;259.0;165.0;0.0;1.0;1.0;1.0;1.0;2024
CAMPINAS;2;;;;;;;;;;;;;;;;2024
CAMPINAS;2;;;;;;;;;;;;;;;;2024
CAMPINAS;2;49.0;1279.0;66.0;514.0;0.0;0.0;57.0;467.0;659.0;96.0;0.0;1.0;1.0;1.0;1.0;2024
CAMPINAS;2;33.0;738.0;0.0;313.0;0.0;0.0;0.0;288.0;355.0;95.0;0.0;1.0;1.0;1.0;1.0;2024
CAMPINAS;2;7.0;20.0;0.0;0.0;0.0;0.0;0.0;0.0;0.0;20.0;0.0;0.0;0.0;0.0;0.0;2024
CAMPINAS;2;10.0;319.0;0.0;0.0;0.0;0.0;0.0;0.0;0.0;319.0;0.0;0.0;0.0;0.0;0.0;2024
CAMPINAS;2;;;;;;;;;;;;;;;;2024
CAMPINAS;2;;;;;;;;;;;;;;;;2024
CAMPINAS;2;27.0;517.0;245.0;272.0;0.0;0.0;236.0;266.0;15.0;0.0;0.0;0.0;1.0;1.0;1.0;2024
CAMPINAS;2;11.0;47.0;0.0;32.0;0.0;0.0;0.0;5.0;42.0;0.0;0.0;0.0;1.0;1.0;0.0;2024
CAMPINAS;2;;;;;;;;;;;;;;;;2024
CAMPINAS;2;78.0;2126.0;1068.0;332.0;0.0;0.0;995.0;365.0;641.0;125.0;0.0;1.0;1.0;1.0;1.0;2024
CAMPINAS;2;23.0;313.0;194.0;119.0;0.0;0.0;182.0;117.0;14.0;0.0;0.0;1.0;1.0;1.0;1.0;2024
CAMPINAS;2;;;;;;;;;;;;;;;;2024
CAMPINAS;2;40.0;648.0;255.0;194.0;0.0;0.0;246.0;187.0;199.0;16.0;0.0;1.0;1.0;1.0;1.0;2024
CAMPINAS;2;41.0;1036.0;573.0;463.0;0.0;0.0;545.0;455.0;36.0;0.0;1.0;1.0;1.0;1.0;1.0;2024
CAMPINAS;2;31.0;512.0;141.0;134.0;0.0;0.0;138.0;123.0;207.0;44.0;0.0;1.0;1.0;1.0;0.0;2024
CAMPINAS;2;28.0;601.0;0.0;454.0;0.0;0.0;0.0;415.0;175.0;11.0;0.0;1.0;1.0;1.0;1.0;2024
CAMPINAS;2;17.0;272.0;272.0;0.0;0.0;0.0;264.0;8.0;0.0;0.0;0.0;0.0;1.0;1.0;1.0;2024
CAMPINAS;2;31.0;605.0;0.0;468.0;0.0;0.0;0.0;447.0;153.0;5.0;1.0;1.0;1.0;1.0;1.0;2024
CAMPINAS;2;97.0;3281.0;1100.0;1138.0;0.0;0.0;1053.0;1083.0;897.0;248.0;0.0;1.0;1.0;1.0;1.0;2024
CAMPINAS;2;46.0;1126.0;383.0;294.0;0.0;0.0;355.0;296.0;423.0;52.0;0.0;1.0;1.0;1.0;1.0;2024
CAMPINAS;2;20.0;385.0;0.0;279.0;0.0;0.0;0.0;263.0;117.0;5.0;0.0;1.0;1.0;1.0;0.0;2024
CAMPINAS;2;29.0;532.0;0.0;207.0;0.0;0.0;1.0;182.0;308.0;41.0;0.0;0.0;1.0;1.0;1.0;2024
CAMPINAS;2;18.0;390.0;390.0;0.0;0.0;0.0;376.0;14.0;0.0;0.0;0.0;1.0;1.0;1.0;0.0;2024
CAMPINAS;2;50.0;1407.0;0.0;542.0;0.0;0.0;2.0;517.0;778.0;110.0;0.0;1.0;1.0;1.0;1.0;2024
CAMPINAS;2;11.0;240.0;240.0;0.0;0.0;0.0;232.0;8.0;0.0;0.0;0.0;1.0;1.0;0.0;0.0;2024
CAMPINAS;2;25.0;598.0;598.0;0.0;0.0;0.0;587.0;11.0;0.0;0.0;0.0;1.0;1.0;1.0;1.0;2024
CAMPINAS;2;15.0;259.0;131.0;128.0;0.0;0.0;126.0;123.0;10.0;0.0;0.0;1.0;1.0;1.0;1.0;2024
CAMPINAS;2;24.0;631.0;631.0;0.0;0.0;0.0;618.0;13.0;0.0;0.0;0.0;0.0;1.0;1.0;1.0;2024
CAMPINAS;2;35.0;900.0;900.0;0.0;0.0;0.0;855.0;45.0;0.0;0.0;0.0;1.0;1.0;1.0;1.0;2024
CAMPINAS;2;14.0;366.0;366.0;0.0;0.0;1.0;354.0;11.0;0.0;0.0;0.0;1.0;1.0;1.0;0.0;2024
CAMPINAS;2;63.0;1845.0;561.0;465.0;0.0;0.0;532.0;442.0;781.0;90.0;0.0;1.0;1.0;1.0;1.0;2024
CAMPINAS;2;36.0;779.0;0.0;512.0;0.0;0.0;0.0;477.0;286.0;16.0;0.0;1.0;1.0;1.0;1.0;2024
CAMPINAS;2;55.0;1334.0;63.0;559.0;0.0;0.0;44.0;536.0;670.0;84.0;0.0;1.0;1.0;1.0;0.0;2024
CAMPINAS;2;38.0;615.0;244.0;209.0;0.0;1.0;232.0;198.0;158.0;26.0;0.0;0.0;1.0;1.0;1.0;2024
CAMPINAS;2;88.0;2903.0;1114.0;687.0;0.0;0.0;1032.0;705.0;981.0;185.0;0.0;1.0;1.0;1.0;1.0;2024
CAMPINAS;2;28.0;364.0;0.0;191.0;0.0;0.0;1.0;179.0;172.0;12.0;0.0;1.0;1.0;1.0;0.0;2024
CAMPINAS;2;9.0;142.0;142.0;0.0;0.0;0.0;140.0;2.0;0.0;0.0;0.0;1.0;1.0;1.0;1.0;2024
CAMPINAS;2;26.0;658.0;658.0;0.0;0.0;0.0;629.0;29.0;0.0;0.0;0.0;1.0;1.0;1.0;0.0;2024
CAMPINAS;2;27.0;672.0;672.0;0.0;0.0;0.0;654.0;18.0;0.0;0.0;0.0;1.0;1.0;0.0;1.0;2024
CAMPINAS;2;19.0;219.0;78.0;141.0;0.0;0.0;77.0;136.0;6.0;0.0;0.0;0.0;1.0;1.0;0.0;2024
CAMPINAS;2;;;;;;;;;;;;;;;;2024
CAMPINAS;2;17.0;305.0;305.0;0.0;0.0;0.0;297.0;8.0;0.0;0.0;0.0;1.0;1.0;1.0;0.0;2024
CAMPINAS;2;22.0;408.0;166.0;142.0;0.0;0.0;157.0;140.0;105.0;6.0;0.0;1.0;1.0;1.0;0.0;2024
CAMPINAS;2;34.0;671.0;270.0;186.0;0.0;0.0;262.0;180.0;221.0;8.0;0.0;1.0;1.0;1.0;1.0;2024
CAMPINAS;2;24.0;350.0;203.0;147.0;0.0;0.0;192.0;151.0;7.0;0.0;0.0;0.0;1.0;1.0;1.0;2024
CAMPINAS;2;27.0;432.0;432.0;0.0;0.0;0.0;428.0;4.0;0.0;0.0;0.0;1.0;1.0;1.0;1.0;2024
CAMPINAS;2;58.0;2156.0;729.0;480.0;0.0;0.0;688.0;487.0;889.0;92.0;0.0;1.0;1.0;1.0;1.0;2024
CAMPINAS;2;23.0;563.0;563.0;0.0;0.0;0.0;542.0;21.0;0.0;0.0;1.0;1.0;1.0;0.0;1.0;2024
CAMPINAS;2;50.0;1269.0;389.0;383.0;0.0;0.0;364.0;375.0;480.0;50.0;0.0;1.0;1.0;1.0;1.0;2024
CAMPINAS;2;27.0;558.0;217.0;267.0;0.0;0.0;202.0;269.0;80.0;7.0;0.0;1.0;1.0;1.0;0.0;2024
CAMPINAS;2;29.0;413.0;205.0;208.0;0.0;0.0;197.0;208.0;8.0;0.0;0.0;0.0;1.0;1.0;1.0;2024
CAMPINAS;2;13.0;234.0;234.0;0.0;0.0;0.0;222.0;12.0;0.0;0.0;0.0;0.0;1.0;1.0;0.0;2024
CAMPINAS;2;30.0;757.0;757.0;0.0;0.0;0.0;730.0;27.0;0.0;0.0;0.0;0.0;1.0;0.0;1.0;2024
CAMPINAS;2;44.0;1195.0;0.0;528.0;0.0;0.0;0.0;491.0;596.0;108.0;0.0;1.0;1.0;1.0;0.0;2024
CAMPINAS;2;50.0;1111.0;0.0;448.0;0.0;0.0;0.0;427.0;517.0;167.0;0.0;1.0;1.0;1.0;1.0;2024
CAMPINAS;2;54.0;1211.0;145.0;476.0;0.0;0.0;119.0;462.0;549.0;81.0;0.0;1.0;1.0;1.0;1.0;2024
CAMPINAS;2;28.0;867.0;867.0;0.0;0.0;0.0;833.0;34.0;0.0;0.0;0.0;0.0;1.0;1.0;1.0;2024
CAMPINAS;2;46.0;931.0;0.0;289.0;0.0;0.0;3.0;280.0;584.0;64.0;0.0;1.0;1.0;1.0;1.0;2024
CAMPINAS;2;22.0;496.0;496.0;0.0;0.0;0.0;479.0;17.0;0.0;0.0;0.0;1.0;1.0;1.0;1.0;2024
CAMPINAS;2;30.0;619.0;619.0;0.0;0.0;0.0;596.0;23.0;0.0;0.0;0.0;1.0;1.0;1.0;1.0;2024
CAMPINAS;2;46.0;967.0;0.0;316.0;0.0;0.0;0.0;283.0;620.0;64.0;0.0;1.0;1.0;1.0;1.0;2024
CAMPINAS;2;32.0;649.0;649.0;0.0;0.0;0.0;620.0;29.0;0.0;0.0;0.0;1.0;1.0;1.0;1.0;2024
CAMPINAS;2;66.0;1391.0;591.0;404.0;0.0;0.0;565.0;383.0;375.0;68.0;0.0;1.0;1.0;1.0;1.0;2024
CAMPINAS;2;49.0;1326.0;318.0;447.0;0.0;0.0;300.0;428.0;551.0;47.0;0.0;1.0;1.0;1.0;1.0;2024
CAMPINAS;2;20.0;483.0;483.0;0.0;0.0;0.0;475.0;8.0;0.0;0.0;0.0;1.0;1.0;1.0;1.0;2024
CAMPINAS;2;2.0;350.0;0.0;0.0;0.0;0.0;0.0;0.0;0.0;350.0;0.0;0.0;1.0;0.0;0.0;2024
CAMPINAS;2;8.0;448.0;0.0;0.0;0.0;0.0;0.0;0.0;0.0;448.0;0.0;0.0;1.0;0.0;0.0;2024
CAMPINAS;2;;;;;;;;;;;;;;;;2024
CAMPINAS;2;;;;;;;;;;;;;;;;2024
CAMPINAS;2;17.0;194.0;0.0;135.0;0.0;0.0;3.0;121.0;70.0;0.0;0.0;1.0;1.0;1.0;0.0;2024
CAMPINAS;2;14.0;213.0;213.0;0.0;0.0;0.0;206.0;7.0;0.0;0.0;0.0;1.0;1.0;1.0;1.0;2024
CAMPINAS;2;25.0;354.0;0.0;81.0;0.0;0.0;0.0;74.0;258.0;22.0;0.0;1.0;1.0;1.0;1.0;2024
CAMPINAS;2;39.0;496.0;0.0;191.0;0.0;0.0;1.0;182.0;254.0;59.0;0.0;1.0;1.0;1.0;0.0;2024
CAMPINAS;2;12.0;179.0;179.0;0.0;0.0;0.0;174.0;5.0;0.0;0.0;0.0;0.0;1.0;1.0;0.0;2024
CAMPINAS;2;26.0;340.0;122.0;139.0;0.0;0.0;115.0;129.0;89.0;7.0;0.0;1.0;1.0;1.0;0.0;2024
CAMPINAS;2;27.0;474.0;474.0;0.0;0.0;0.0;454.0;20.0;0.0;0.0;0.0;0.0;1.0;1.0;1.0;2024
CAMPINAS;2;58.0;1433.0;0.0;315.0;0.0;0.0;2.0;290.0;978.0;163.0;1.0;1.0;1.0;1.0;1.0;2024
CAMPINAS;2;21.0;429.0;429.0;0.0;0.0;0.0;413.0;16.0;0.0;0.0;0.0;1.0;1.0;1.0;1.0;2024
CAMPINAS;2;21.0;383.0;0.0;297.0;0.0;0.0;1.0;273.0;106.0;3.0;0.0;1.0;1.0;1.0;1.0;2024
CAMPINAS;2;27.0;470.0;470.0;0.0;0.0;0.0;451.0;19.0;0.0;0.0;0.0;1.0;1.0;1.0;1.0;2024
CAMPINAS;2;31.0;608.0;322.0;286.0;0.0;0.0;305.0;286.0;17.0;0.0;0.0;1.0;1.0;1.0;1.0;2024
CAMPINAS;2;21.0;381.0;0.0;285.0;0.0;0.0;0.0;264.0;107.0;10.0;0.0;1.0;1.0;1.0;0.0;2024
CAMPINAS;2;39.0;560.0;122.0;243.0;0.0;0.0;109.0;232.0;169.0;50.0;0.0;1.0;1.0;1.0;1.0;2024
CAMPINAS;2;14.0;255.0;255.0;0.0;0.0;0.0;244.0;11.0;0.0;0.0;0.0;1.0;1.0;1.0;0.0;2024
HORTOLANDIA;2;22.0;458.0;0.0;294.0;0.0;0.0;1.0;268.0;177.0;12.0;0.0;1.0;1.0;1.0;0.0;2024
HORTOLANDIA;2;39.0;732.0;0.0;421.0;0.0;0.0;0.0;396.0;318.0;18.0;0.0;1.0;1.0;1.0;0.0;2024
HORTOLANDIA;2;57.0;1582.0;0.0;667.0;0.0;0.0;3.0;622.0;799.0;158.0;1.0;1.0;1.0;1.0;1.0;2024
HORTOLANDIA;2;;;;;;;;;;;;;;;;2024
HORTOLANDIA;2;15.0;314.0;0.0;0.0;0.0;0.0;0.0;6.0;290.0;18.0;0.0;1.0;1.0;1.0;0.0;2024
HORTOLANDIA;2;18.0;276.0;0.0;197.0;0.0;0.0;0.0;187.0;85.0;4.0;0.0;0.0;1.0;1.0;0.0;2024
HORTOLANDIA;2;27.0;590.0;0.0;415.0;0.0;0.0;2.0;383.0;196.0;9.0;0.0;0.0;1.0;1.0;1.0;2024
HORTOLANDIA;2;28.0;568.0;0.0;568.0;0.0;0.0;2.0;537.0;29.0;0.0;0.0;1.0;1.0;1.0;0.0;2024
HORTOLANDIA;2;;;;;;;;;;;;;;;;2024
HORTOLANDIA;2;42.0;1275.0;0.0;550.0;0.0;0.0;1.0;494.0;721.0;59.0;0.0;0.0;1.0;1.0;0.0;2024
HORTOLANDIA;2;30.0;648.0;0.0;415.0;0.0;0.0;1.0;398.0;231.0;18.0;0.0;0.0;1.0;1.0;1.0;2024
HORTOLANDIA;2;54.0;1645.0;0.0;716.0;0.0;0.0;3.0;670.0;889.0;83.0;0.0;1.0;1.0;1.0;0.0;2024
HORTOLANDIA;2;37.0;701.0;0.0;455.0;0.0;0.0;2.0;429.0;250.0;20.0;0.0;0.0;1.0;1.0;0.0;2024
HORTOLANDIA;2;36.0;1087.0;0.0;472.0;0.0;0.0;0.0;427.0;594.0;66.0;0.0;1.0;1.0;1.0;1.0;2024
HORTOLANDIA;2;12.0;208.0;0.0;0.0;0.0;0.0;0.0;0.0;0.0;208.0;0.0;1.0;0.0;0.0;0.0;2024
HORTOLANDIA;2;;;;;;;;;;;0.0;0.0;1.0;0.0;0.0;2024
HORTOLANDIA;2;;;;;;;;;;;;;;;;2024
HORTOLANDIA;2;10.0;169.0;0.0;0.0;0.0;0.0;0.0;0.0;0.0;169.0;0.0;1.0;0.0;0.0;0.0;2024
HORTOLANDIA;2;20.0;399.0;0.0;271.0;0.0;0.0;2.0;259.0;134.0;4.0;0.0;1.0;1.0;1.0;1.0;2024
HORTOLANDIA;2;25.0;490.0;0.0;0.0;0.0;0.0;0.0;1.0;464.0;25.0;0.0;1.0;1.0;1.0;1.0;2024
HORTOLANDIA;2;22.0;360.0;0.0;290.0;0.0;0.0;1.0;278.0;73.0;8.0;0.0;1.0;1.0;1.0;1.0;2024
HORTOLANDIA;2;;;;;;;;;;;;;;;;2024
HORTOLANDIA;2;19.0;405.0;0.0;246.0;0.0;0.0;1.0;237.0;155.0;12.0;0.0;1.0;1.0;1.0;1.0;2024
HORTOLANDIA;2;20.0;324.0;0.0;228.0;0.0;0.0;1.0;213.0;104.0;6.0;0.0;1.0;1.0;1.0;0.0;2024
HORTOLANDIA;2;;;;;;;;;;;;;;;;2024
HORTOLANDIA;2;;;;;;;;;;;;;;;;2024
HORTOLANDIA;2;14.0;301.0;0.0;301.0;0.0;0.0;1.0;291.0;9.0;0.0;0.0;1.0;1.0;1.0;1.0;2024
HORTOLANDIA;2;53.0;1586.0;0.0;718.0;0.0;0.0;1.0;661.0;854.0;70.0;0.0;1.0;1.0;1.0;0.0;2024
HORTOLANDIA;2;23.0;528.0;0.0;528.0;0.0;0.0;2.0;499.0;27.0;0.0;0.0;1.0;1.0;1.0;0.0;2024
HORTOLANDIA;2;57.0;1391.0;0.0;494.0;0.0;0.0;1.0;458.0;815.0;117.0;0.0;1.0;1.0;1.0;0.0;2024
HORTOLANDIA;2;65.0;1451.0;0.0;693.0;0.0;0.0;2.0;651.0;632.0;166.0;0.0;1.0;1.0;1.0;0.0;2024
HORTOLANDIA;2;24.0;433.0;52.0;235.0;0.0;0.0;45.0;222.0;157.0;9.0;0.0;1.0;1.0;1.0;0.0;2024
HORTOLANDIA;2;50.0;1008.0;0.0;653.0;0.0;0.0;2.0;610.0;270.0;126.0;0.0;1.0;1.0;1.0;1.0;2024
HORTOLANDIA;2;25.0;580.0;0.0;409.0;0.0;0.0;1.0;379.0;186.0;14.0;0.0;0.0;1.0;1.0;1.0;2024
HORTOLANDIA;2;40.0;899.0;0.0;0.0;0.0;0.0;0.0;9.0;633.0;257.0;1.0;1.0;1.0;1.0;1.0;2024
INDAIATUBA;2;30.0;607.0;0.0;364.0;0.0;0.0;2.0;337.0;249.0;19.0;0.0;1.0;1.0;1.0;0.0;2024
INDAIATUBA;2;;;;;;;;;;;;;;;;2024
INDAIATUBA;2;;;;;;;;;;;;;;;;2024
INDAIATUBA;2;20.0;511.0;0.0;511.0;0.0;0.0;4.0;467.0;40.0;0.0;0.0;1.0;1.0;1.0;1.0;2024
INDAIATUBA;2;43.0;1172.0;0.0;561.0;0.0;0.0;1.0;533.0;477.0;161.0;0.0;1.0;1.0;1.0;0.0;2024
INDAIATUBA;2;61.0;1754.0;0.0;712.0;0.0;0.0;1.0;647.0;1003.0;103.0;1.0;1.0;1.0;1.0;1.0;2024
INDAIATUBA;2;18.0;420.0;0.0;227.0;0.0;0.0;0.0;221.0;195.0;4.0;0.0;1.0;1.0;1.0;0.0;2024
INDAIATUBA;2;56.0;1268.0;0.0;556.0;0.0;0.0;1.0;504.0;677.0;86.0;0.0;1.0;1.0;1.0;1.0;2024
INDAIATUBA;2;24.0;606.0;0.0;382.0;0.0;0.0;0.0;353.0;235.0;18.0;0.0;1.0;1.0;1.0;0.0;2024
INDAIATUBA;2;61.0;2056.0;0.0;861.0;0.0;0.0;0.0;758.0;1135.0;163.0;1.0;1.0;1.0;1.0;1.0;2024
INDAIATUBA;2;20.0;353.0;0.0;258.0;0.0;0.0;1.0;246.0;100.0;6.0;0.0;1.0;1.0;1.0;0.0;2024
INDAIATUBA;2;44.0;1247.0;0.0;455.0;0.0;0.0;0.0;424.0;749.0;74.0;0.0;1.0;1.0;1.0;0.0;2024
INDAIATUBA;2;33.0;654.0;0.0;533.0;0.0;0.0;1.0;472.0;168.0;13.0;0.0;1.0;1.0;0.0;1.0;2024
INDAIATUBA;2;19.0;387.0;0.0;0.0;0.0;0.0;0.0;3.0;367.0;17.0;0.0;1.0;1.0;1.0;1.0;2024
INDAIATUBA;2;32.0;735.0;0.0;482.0;0.0;0.0;1.0;471.0;244.0;19.0;0.0;1.0;1.0;1.0;1.0;2024
INDAIATUBA;2;;;;;;;;;;;;;;;;2024
INDAIATUBA;2;25.0;585.0;0.0;419.0;0.0;0.0;0.0;384.0;184.0;17.0;0.0;0.0;1.0;1.0;0.0;2024
INDAIATUBA;2;20.0;382.0;0.0;244.0;0.0;0.0;2.0;220.0;155.0;5.0;0.0;1.0;1.0;1.0;0.0;2024
INDAIATUBA;2;19.0;465.0;0.0;348.0;0.0;0.0;1.0;331.0;124.0;9.0;0.0;1.0;1.0;1.0;1.0;2024
INDAIATUBA;2;23.0;483.0;0.0;248.0;0.0;0.0;0.0;230.0;231.0;22.0;0.0;1.0;1.0;1.0;0.0;2024
INDAIATUBA;2;53.0;1595.0;0.0;688.0;0.0;0.0;2.0;638.0;841.0;114.0;0.0;1.0;1.0;1.0;0.0;2024
INDAIATUBA;2;;;;;;;;;;;;;;;;2024
INDAIATUBA;2;19.0;452.0;0.0;277.0;0.0;0.0;1.0;243.0;197.0;11.0;0.0;1.0;1.0;1.0;0.0;2024
INDAIATUBA;2;58.0;2019.0;0.0;864.0;0.0;0.0;1.0;789.0;1094.0;135.0;0.0;1.0;1.0;1.0;0.0;2024
INDAIATUBA;2;38.0;841.0;0.0;661.0;0.0;0.0;0.0;639.0;57.0;145.0;0.0;1.0;1.0;1.0;0.0;2024
ITATIBA;2;39.0;985.0;0.0;0.0;0.0;0.0;0.0;16.0;871.0;98.0;0.0;0.0;1.0;1.0;0.0;2024
ITATIBA;2;18.0;272.0;0.0;0.0;0.0;0.0;0.0;8.0;249.0;15.0;0.0;0.0;1.0;1.0;1.0;2024
ITATIBA;2;56.0;984.0;0.0;0.0;0.0;0.0;0.0;6.0;510.0;468.0;1.0;1.0;1.0;1.0;0.0;2024
ITATIBA;2;26.0;369.0;0.0;0.0;0.0;0.0;0.0;9.0;259.0;101.0;0.0;1.0;1.0;1.0;0.0;2024
ITATIBA;2;42.0;1172.0;0.0;0.0;0.0;0.0;0.0;29.0;1031.0;112.0;0.0;1.0;1.0;1.0;1.0;2024
PAULINIA;2;25.0;546.0;0.0;546.0;0.0;0.0;0.0;501.0;45.0;0.0;0.0;1.0;1.0;1.0;1.0;2024
PAULINIA;2;38.0;1148.0;0.0;0.0;0.0;0.0;0.0;3.0;1004.0;141.0;0.0;1.0;1.0;1.0;0.0;2024
PAULINIA;2;32.0;785.0;0.0;523.0;0.0;0.0;4.0;483.0;283.0;15.0;0.0;1.0;1.0;1.0;1.0;2024
PAULINIA;2;56.0;1886.0;0.0;563.0;0.0;0.0;1.0;499.0;1172.0;214.0;0.0;1.0;1.0;1.0;0.0;2024
PAULINIA;2;22.0;403.0;0.0;0.0;0.0;0.0;0.0;5.0;368.0;30.0;0.0;1.0;1.0;1.0;1.0;2024
PAULINIA;2;32.0;797.0;0.0;447.0;0.0;0.0;2.0;418.0;349.0;28.0;0.0;1.0;1.0;1.0;1.0;2024
SANTA BARBARA D'OESTE;2;20.0;342.0;0.0;224.0;0.0;0.0;4.0;215.0;122.0;1.0;0.0;1.0;1.0;1.0;0.0;2024
SANTA BARBARA D'OESTE;2;17.0;269.0;269.0;0.0;0.0;0.0;269.0;0.0;0.0;0.0;0.0;1.0;1.0;1.0;0.0;2024
SANTA BARBARA D'OESTE;2;31.0;504.0;0.0;415.0;0.0;0.0;8.0;400.0;33.0;63.0;0.0;1.0;1.0;1.0;0.0;2024
SANTA BARBARA D'OESTE;2;20.0;395.0;0.0;395.0;0.0;0.0;3.0;380.0;12.0;0.0;0.0;1.0;1.0;1.0;1.0;2024
SANTA BARBARA D'OESTE;2;61.0;1251.0;0.0;167.0;0.0;0.0;3.0;171.0;964.0;113.0;0.0;1.0;1.0;1.0;1.0;2024
SANTA BARBARA D'OESTE;2;14.0;184.0;0.0;138.0;0.0;0.0;4.0;132.0;46.0;2.0;0.0;0.0;1.0;1.0;0.0;2024
SANTA BARBARA D'OESTE;2;9.0;167.0;167.0;0.0;0.0;0.0;166.0;1.0;0.0;0.0;0.0;0.0;1.0;1.0;0.0;2024
SANTA BARBARA D'OESTE;2;17.0;327.0;0.0;327.0;0.0;0.0;7.0;316.0;4.0;0.0;0.0;1.0;1.0;1.0;1.0;2024
SANTA BARBARA D'OESTE;2;27.0;649.0;0.0;0.0;0.0;0.0;0.0;11.0;631.0;7.0;0.0;1.0;1.0;1.0;1.0;2024
SANTA BARBARA D'OESTE;2;18.0;379.0;0.0;379.0;0.0;0.0;8.0;365.0;6.0;0.0;0.0;1.0;1.0;1.0;1.0;2024
SANTA BARBARA D'OESTE;2;23.0;513.0;0.0;410.0;0.0;0.0;8.0;391.0;111.0;3.0;0.0;1.0;1.0;1.0;1.0;2024
SANTA BARBARA D'OESTE;2;41.0;911.0;0.0;353.0;0.0;0.0;3.0;331.0;564.0;13.0;0.0;1.0;1.0;1.0;0.0;2024
SANTA BARBARA D'OESTE;2;22.0;313.0;0.0;261.0;0.0;0.0;3.0;256.0;52.0;2.0;0.0;1.0;1.0;1.0;0.0;2024
SANTA BARBARA D'OESTE;2;32.0;501.0;0.0;121.0;0.0;0.0;0.0;123.0;368.0;10.0;0.0;1.0;1.0;1.0;0.0;2024
SANTA BARBARA D'OESTE;2;41.0;617.0;0.0;163.0;0.0;0.0;2.0;163.0;375.0;77.0;0.0;1.0;1.0;1.0;0.0;2024
SANTA BARBARA D'OESTE;2;21.0;369.0;0.0;272.0;0.0;0.0;6.0;258.0;103.0;2.0;0.0;1.0;1.0;1.0;0.0;2024
SANTA BARBARA D'OESTE;2;14.0;238.0;0.0;238.0;0.0;0.0;5.0;227.0;6.0;0.0;0.0;1.0;1.0;0.0;1.0;2024
SANTA BARBARA D'OESTE;2;14.0;209.0;0.0;209.0;0.0;0.0;6.0;194.0;9.0;0.0;0.0;1.0;1.0;1.0;0.0;2024
SANTA BARBARA D'OESTE;2;27.0;609.0;0.0;258.0;0.0;0.0;6.0;240.0;330.0;33.0;0.0;1.0;1.0;1.0;1.0;2024
SANTA BARBARA D'OESTE;2;22.0;354.0;354.0;0.0;0.0;0.0;351.0;3.0;0.0;0.0;0.0;1.0;1.0;1.0;0.0;2024
SANTA BARBARA D'OESTE;2;34.0;559.0;0.0;282.0;0.0;0.0;6.0;272.0;256.0;25.0;0.0;0.0;1.0;1.0;0.0;2024
SANTA BARBARA D'OESTE;2;32.0;413.0;0.0;121.0;0.0;0.0;4.0;120.0;280.0;9.0;0.0;1.0;1.0;1.0;0.0;2024
SANTA BARBARA D'OESTE;2;30.0;513.0;239.0;274.0;0.0;0.0;241.0;267.0;5.0;0.0;0.0;1.0;1.0;1.0;0.0;2024
SANTA BARBARA D'OESTE;2;12.0;123.0;0.0;123.0;0.0;0.0;2.0;119.0;2.0;0.0;0.0;1.0;1.0;1.0;0.0;2024
SANTA BARBARA D'OESTE;2;47.0;829.0;0.0;298.0;0.0;0.0;5.0;280.0;518.0;26.0;0.0;1.0;1.0;1.0;0.0;2024
SANTA BARBARA D'OESTE;2;17.0;247.0;0.0;247.0;0.0;0.0;7.0;234.0;6.0;0.0;0.0;1.0;1.0;1.0;1.0;2024
SANTA BARBARA D'OESTE;2;24.0;519.0;0.0;432.0;0.0;0.0;10.0;417.0;87.0;5.0;0.0;1.0;1.0;1.0;1.0;2024
SANTA BARBARA D'OESTE;2;11.0;155.0;0.0;132.0;0.0;0.0;3.0;124.0;28.0;0.0;0.0;0.0;1.0;1.0;0.0;2024
SANTA BARBARA D'OESTE;2;18.0;277.0;277.0;0.0;0.0;0.0;277.0;0.0;0.0;0.0;0.0;0.0;1.0;1.0;1.0;2024
SANTA BARBARA D'OESTE;2;11.0;195.0;195.0;0.0;0.0;0.0;193.0;2.0;0.0;0.0;0.0;1.0;1.0;1.0;1.0;2024
SANTA BARBARA D'OESTE;2;;;;;;;;;;;;;;;;2024
SANTA BARBARA D'OESTE;2;27.0;493.0;0.0;359.0;0.0;0.0;6.0;347.0;134.0;6.0;0.0;0.0;1.0;1.0;1.0;2024
SANTA BARBARA D'OESTE;2;15.0;267.0;0.0;267.0;0.0;0.0;3.0;260.0;4.0;0.0;0.0;1.0;1.0;1.0;1.0;2024
SANTA BARBARA D'OESTE;2;18.0;357.0;0.0;232.0;0.0;0.0;8.0;225.0;124.0;0.0;0.0;0.0;1.0;1.0;1.0;2024
SANTA BARBARA D'OESTE;2;28.0;345.0;0.0;165.0;0.0;0.0;5.0;153.0;178.0;9.0;0.0;0.0;1.0;1.0;1.0;2024
SANTA BARBARA D'OESTE;2;69.0;1217.0;0.0;0.0;0.0;0.0;0.0;14.0;771.0;432.0;1.0;1.0;1.0;1.0;1.0;2024
SUMARE;2;15.0;232.0;0.0;232.0;0.0;0.0;3.0;218.0;11.0;0.0;0.0;1.0;1.0;1.0;1.0;2024
SUMARE;2;17.0;142.0;0.0;0.0;0.0;0.0;0.0;4.0;99.0;39.0;0.0;0.0;1.0;1.0;1.0;2024
SUMARE;2;15.0;262.0;0.0;0.0;0.0;0.0;0.0;7.0;247.0;8.0;0.0;1.0;1.0;1.0;1.0;2024
SUMARE;2;17.0;329.0;329.0;0.0;0.0;0.0;325.0;4.0;0.0;0.0;0.0;0.0;1.0;1.0;0.0;2024
SUMARE;2;30.0;526.0;0.0;293.0;0.0;0.0;5.0;282.0;224.0;15.0;0.0;1.0;1.0;1.0;0.0;2024
SUMARE;2;15.0;283.0;0.0;0.0;0.0;0.0;0.0;9.0;263.0;11.0;0.0;1.0;1.0;1.0;0.0;2024
SUMARE;2;39.0;869.0;0.0;527.0;0.0;0.0;9.0;506.0;342.0;12.0;0.0;1.0;1.0;1.0;0.0;2024
SUMARE;2;50.0;1114.0;328.0;340.0;0.0;0.0;322.0;322.0;418.0;52.0;0.0;1.0;1.0;1.0;0.0;2024
SUMARE;2;37.0;677.0;0.0;469.0;0.0;0.0;9.0;460.0;205.0;3.0;0.0;0.0;1.0;1.0;0.0;2024
SUMARE;2;46.0;1122.0;0.0;540.0;0.0;0.0;2.0;514.0;565.0;41.0;0.0;1.0;1.0;1.0;0.0;2024
SUMARE;2;8.0;40.0;0.0;0.0;0.0;0.0;0.0;0.0;0.0;40.0;0.0;0.0;0.0;0.0;0.0;2024
SUMARE;2;26.0;710.0;0.0;461.0;0.0;0.0;9.0;440.0;248.0;13.0;0.0;1.0;1.0;1.0;1.0;2024
SUMARE;2;28.0;439.0;58.0;247.0;0.0;0.0;53.0;231.0;145.0;10.0;0.0;1.0;1.0;1.0;0.0;2024
SUMARE;2;21.0;373.0;373.0;0.0;0.0;0.0;364.0;9.0;0.0;0.0;0.0;0.0;1.0;1.0;0.0;2024
SUMARE;2;22.0;413.0;413.0;0.0;0.0;0.0;401.0;12.0;0.0;0.0;0.0;1.0;1.0;1.0;0.0;2024
SUMARE;2;;;;;;;;;;;0.0;0.0;1.0;0.0;0.0;2024
SUMARE;2;71.0;1510.0;0.0;553.0;0.0;0.0;9.0;525.0;790.0;186.0;0.0;1.0;1.0;1.0;0.0;2024
SUMARE;2;40.0;862.0;0.0;464.0;0.0;0.0;9.0;419.0;423.0;11.0;0.0;1.0;1.0;1.0;0.0;2024
SUMARE;2;34.0;614.0;389.0;225.0;0.0;0.0;392.0;215.0;7.0;0.0;0.0;0.0;1.0;1.0;0.0;2024
SUMARE;2;52.0;1149.0;0.0;482.0;0.0;0.0;6.0;447.0;644.0;52.0;1.0;1.0;1.0;1.0;0.0;2024
SUMARE;2;11.0;163.0;0.0;0.0;0.0;0.0;0.0;7.0;153.0;3.0;0.0;1.0;1.0;1.0;0.0;2024
SUMARE;2;28.0;338.0;141.0;119.0;0.0;0.0;139.0;118.0;78.0;3.0;0.0;1.0;1.0;1.0;0.0;2024
SUMARE;2;21.0;364.0;161.0;203.0;0.0;0.0;160.0;202.0;2.0;0.0;0.0;1.0;1.0;1.0;0.0;2024
SUMARE;2;31.0;657.0;0.0;228.0;0.0;0.0;3.0;224.0;305.0;125.0;0.0;1.0;1.0;1.0;0.0;2024
SUMARE;2;71.0;1317.0;0.0;674.0;0.0;0.0;7.0;631.0;620.0;59.0;0.0;0.0;1.0;1.0;0.0;2024
SUMARE;2;52.0;1650.0;0.0;734.0;0.0;0.0;7.0;656.0;908.0;79.0;0.0;1.0;1.0;1.0;0.0;2024
SUMARE;2;44.0;1331.0;0.0;477.0;0.0;0.0;5.0;460.0;794.0;72.0;0.0;1.0;1.0;1.0;0.0;2024
SUMARE;2;35.0;794.0;0.0;439.0;0.0;0.0;5.0;427.0;353.0;9.0;0.0;0.0;1.0;1.0;1.0;2024
SUMARE;2;32.0;729.0;729.0;0.0;0.0;0.0;704.0;25.0;0.0;0.0;0.0;1.0;1.0;1.0;0.0;2024
SUMARE;2;16.0;304.0;304.0;0.0;0.0;0.0;297.0;7.0;0.0;0.0;0.0;1.0;1.0;1.0;1.0;2024
SUMARE;2;17.0;361.0;0.0;361.0;0.0;0.0;5.0;354.0;2.0;0.0;0.0;1.0;1.0;1.0;1.0;2024
SUMARE;2;19.0;322.0;322.0;0.0;0.0;0.0;317.0;5.0;0.0;0.0;0.0;1.0;1.0;0.0;1.0;2024
SUMARE;2;14.0;225.0;0.0;225.0;0.0;0.0;2.0;218.0;5.0;0.0;0.0;1.0;1.0;1.0;0.0;2024
SUMARE;2;42.0;922.0;460.0;462.0;0.0;0.0;454.0;442.0;26.0;0.0;0.0;1.0;1.0;1.0;0.0;2024
SUMARE;2;32.0;671.0;0.0;497.0;0.0;0.0;7.0;465.0;195.0;4.0;0.0;1.0;1.0;1.0;0.0;2024
SUMARE;2;22.0;444.0;0.0;313.0;0.0;0.0;6.0;295.0;137.0;6.0;0.0;1.0;1.0;1.0;0.0;2024
SUMARE;2;24.0;276.0;26.0;157.0;0.0;0.0;27.0;150.0;96.0;3.0;0.0;1.0;1.0;1.0;0.0;2024
SUMARE;2;14.0;285.0;0.0;285.0;0.0;0.0;4.0;268.0;13.0;0.0;0.0;1.0;1.0;1.0;0.0;2024
SUMARE;2;42.0;893.0;0.0;603.0;0.0;0.0;9.0;578.0;295.0;11.0;0.0;1.0;1.0;1.0;1.0;2024
SUMARE;2;29.0;666.0;0.0;425.0;0.0;0.0;7.0;414.0;238.0;7.0;0.0;1.0;1.0;1.0;1.0;2024
VALINHOS;2;57.0;1290.0;0.0;176.0;0.0;0.0;0.0;156.0;979.0;155.0;0.0;1.0;1.0;1.0;1.0;2024
VALINHOS;2;;;;;;;;;;;;;;;;2024
VALINHOS;2;32.0;559.0;0.0;0.0;0.0;0.0;0.0;10.0;361.0;188.0;0.0;1.0;1.0;1.0;0.0;2024
VALINHOS;2;25.0;340.0;0.0;211.0;0.0;0.0;1.0;173.0;157.0;9.0;0.0;1.0;1.0;1.0;0.0;2024
VALINHOS;2;17.0;228.0;0.0;179.0;0.0;0.0;0.0;176.0;50.0;2.0;0.0;1.0;1.0;1.0;1.0;2024
VALINHOS;2;27.0;731.0;0.0;357.0;0.0;0.0;2.0;324.0;370.0;35.0;0.0;1.0;1.0;1.0;0.0;2024
VALINHOS;2;39.0;1094.0;0.0;0.0;0.0;0.0;0.0;13.0;971.0;110.0;0.0;0.0;1.0;1.0;1.0;2024
VALINHOS;2;37.0;745.0;0.0;264.0;0.0;0.0;0.0;245.0;445.0;55.0;0.0;0.0;1.0;1.0;0.0;2024
VINHEDO;2;18.0;331.0;0.0;0.0;0.0;0.0;0.0;3.0;300.0;28.0;0.0;1.0;1.0;1.0;0.0;2024
VINHEDO;2;32.0;708.0;0.0;0.0;0.0;0.0;0.0;2.0;608.0;98.0;0.0;1.0;1.0;0.0;0.0;2024
VINHEDO;2;41.0;1273.0;0.0;0.0;0.0;0.0;0.0;4.0;1130.0;139.0;0.0;1.0;1.0;1.0;0.0;2024
